id,disaster_type,year,num_disasters,num_killed,num_injured,num_affected,num_homeless,total_affected,total_damage
1900:9001,Drought,1900,2,1261000,1,1,1,1,1
1903:9001,Drought,1903,1,1,1,1,1,1,1
1906:9025,Drought,1906,1,1,1,1,1,1,1
1910:9006,Drought,1910,9,85000,1,32000,1,32000,1
1919:9006,Drought,1919,1,1,1,1,1,1,1
1920:9003,Drought,1920,2,524000,1,20000000,1,20000000,1
1921:9001,Drought,1921,1,1200000,1,5000000,1,5000000,1
1928:9002,Drought,1928,1,3000000,1,1,1,1,1
1931:9014,Drought,1931,1,1,1,25000,1,25000,1
1933:9003,Drought,1933,1,1,1,1,1,1,1
1940:9002,Drought,1940,9,20000,1,1,1,1,1
1942:9003,Drought,1942,1,1500000,1,1,1,1,1
1943:9002,Drought,1943,1,1900000,1,1,1,1,1
1946:9004,Drought,1946,1,30000,1,1,1,1,1
1947:9005,Drought,1947,1,1,1,1,1,1,1
1960:9039,Drought,1960,1,1,1,1,1,1,1
1961:9040,Drought,1961,1,1,1,1,1,1,1
1963:9026,Drought,1963,1,1,1,13400,1,13400,1
1964:9002,Drought,1964,7,50,1,2596000,1,2596000,1
1965:9001,Drought,1965,7,1502000,1,101966000,1,101966000,127118
1966:9004,Drought,1966,9,8000,1,360000,1,360000,1
1967:9001,Drought,1967,5,600,1,2878483,1,2878483,600200
1968:9004,Drought,1968,7,1,1,1114217,1,1114217,64000
1969:9006,Drought,1969,14,1,1,9216604,20000,9236604,215200
1970:9005,Drought,1970,2,1,1,10087600,1,10087600,2100
1971:9001,Drought,1971,6,1,1,849000,1,849000,3700
1972:9075,Drought,1972,4,1,1,204700000,1,204700000,187000
1973:9004,Drought,1973,3,119000,1,3230000,1,3230000,76000
1974:9049,Drought,1974,3,1,1,507000,1,507000,1
1975:9133,Drought,1975,1,1,1,1,1,1,1
1976:9126,Drought,1976,10,1,1,7277000,1,7277000,300000
1977:9002,Drought,1977,13,1,1,4251400,1,4251400,3000000
1978:9002,Drought,1978,8,63,1,6547885,1,6547885,2326700
1979:9004,Drought,1979,11,18,1,25992000,1,25992000,200000
1980:9005,Drought,1980,24,3000,1,26940100,1,26940100,1500651
1981:9005,Drought,1981,18,100500,1,9947300,1,9947300,7532103
1982:9007,Drought,1982,6,280,1,122000000,1,122000000,1
1983:9007,Drought,1983,26,450020,1,42684109,1,42684109,1042200
1984:9012,Drought,1984,6,230,1,2352000,1,2352000,1000000
1985:9011,Drought,1985,3,1,1,500000,1,500000,651000
1986:9024,Drought,1986,4,84,1,851000,1,851000,500000
1987:9014,Drought,1987,15,1317,1,317012367,1,317012367,1
1988:9003,Drought,1988,17,1600,1,54199500,1,54199500,1801287
1989:9040,Drought,1989,7,237,1,17060000,1,17060000,1600000
1990:9025,Drought,1990,20,1,1,28285842,1,28285842,7751739
1991:9006,Drought,1991,12,2000,1,19102000,1,19102000,2009000
1992:9090,Drought,1992,11,1,1,28100000,1,28100000,3091800
1993:9472,Drought,1993,9,1,1,3531507,1,3531507,2000
1994:9096,Drought,1994,12,1,1,95015000,1,95015000,13895200
1995:9026,Drought,1995,6,1,1,10871994,1,10871994,112800
1996:9089,Drought,1996,7,1,1,4942000,1,4942000,1742400
1997:9023,Drought,1997,17,732,1,6973300,1,6973300,1515100
1998:9028,Drought,1998,20,20,1,14054335,1,14054335,513200
1999:9037,Drought,1999,26,382,1,102337545,1,102337545,9347000
2000:9138,Drought,2000,25,59,1,78025415,1,78025415,3655165
2001:9044,Drought,2001,22,108,1,32581154,1,32581154,36400
2002:9022,Drought,2002,24,579,1,376956935,1,376956935,7871475
2003:9035,Drought,2003,14,9,1,67732075,1,67732075,691000
2004:9017,Drought,2004,11,80,1,17971500,1,17971500,2991275
2005:9067,Drought,2005,22,161,1,29550990,1,29550990,462120
2006:9016,Drought,2006,9,134,1,23857000,1,23857000,3135573
2007:9288,Drought,2007,11,1,1,5278144,1,5278144,706000
2008:9154,Drought,2008,16,8,1,34068000,1,34068000,234000
2009:9055,Drought,2009,18,1,1,86295500,1,86295500,3628700
2010:9077,Drought,2010,20,1,1,59147657,1,59147657,3884700
2011:9207,Drought,2011,12,1,1,16875515,1,16875515,8142000
2012:9021,Drought,2012,20,1,1,23301085,1,23301085,25480000
2013:9062,Drought,2013,5,1,1,306384,1,306384,2341000
1901:0002,Earthquake (seismic activity),1901,2,18,1,1,1,1,1
1902:0002,Earthquake (seismic activity),1902,3,6747,1,1,1,1,1
1903:0007,Earthquake (seismic activity),1903,1,6000,1,1,1,1,1
1904:0005,Earthquake (seismic activity),1904,1,1,1,1,1,1,1
1905:0001,Earthquake (seismic activity),1905,3,22541,1,1,1,1,1
1906:0001,Earthquake (seismic activity),1906,10,31966,1,1,1,1,630750
1907:0004,Earthquake (seismic activity),1907,4,25600,1,90000,1,90000,30000
1908:0006,Earthquake (seismic activity),1908,3,75000,1,150000,1,150000,116000
1909:0007,Earthquake (seismic activity),1909,3,5146,1,1,1,1,1
1910:0004,Earthquake (seismic activity),1910,3,1762,1,1,1,1,1
1912:0004,Earthquake (seismic activity),1912,2,923,1575,1,1,1575,1
1913:0008,Earthquake (seismic activity),1913,4,150,1,1,1,1,1
1914:0022,Earthquake (seismic activity),1914,4,149,20,1,1,20,1
1915:0002,Earthquake (seismic activity),1915,3,29986,1,1,1,1,61000
1916:0001,Earthquake (seismic activity),1916,1,1,1,1,1,1,1
1917:0003,Earthquake (seismic activity),1917,3,19450,1,1,1,1,1
1918:0004,Earthquake (seismic activity),1918,5,10379,1,1,1,1,29000
1920:0007,Earthquake (seismic activity),1920,3,180000,650,1,1,650,1
1921:0006,Earthquake (seismic activity),1921,1,1,1,1,1,1,1
1922:0001,Earthquake (seismic activity),1922,2,1100,1,1,1,1,1
1923:0006,Earthquake (seismic activity),1923,5,152362,103733,100000,1,203733,600000
1924:0005,Earthquake (seismic activity),1924,2,767,1,1,11250,11250,1
1925:0002,Earthquake (seismic activity),1925,2,5013,1,1,1,1,8000
1926:0014,Earthquake (seismic activity),1926,1,12,1,1,1,1,1
1927:0003,Earthquake (seismic activity),1927,6,206142,50,1,1,50,80000
1928:0001,Earthquake (seismic activity),1928,7,635,209,1,1,209,1
1929:0012,Earthquake (seismic activity),1929,2,3317,1121,1,1,1121,1
1930:0001,Earthquake (seismic activity),1930,7,5081,208,10000,1,10208,1
1931:0001,Earthquake (seismic activity),1931,4,1537,882,11000,1,11882,40000
1932:0007,Earthquake (seismic activity),1932,2,70006,115,1,2960,3075,1
1933:0001,Earthquake (seismic activity),1933,4,16180,1,1,1,1,63500
1934:0001,Earthquake (seismic activity),1934,4,15496,1189,1,1,1189,1
1935:0003,Earthquake (seismic activity),1935,3,66110,1,1,1,1,1
1936:0011,Earthquake (seismic activity),1936,2,26,20,1,1,20,1
1938:0002,Earthquake (seismic activity),1938,2,166,800,1,4710,5510,1
1939:0001,Earthquake (seismic activity),1939,6,63094,58568,1,1,58568,940000
1940:0001,Earthquake (seismic activity),1940,4,1275,1,1,1,1,43000
1941:0001,Earthquake (seismic activity),1941,2,189,1,1,1,1,1
1942:0001,Earthquake (seismic activity),1942,5,7235,16,1,1,16,28000
1943:0007,Earthquake (seismic activity),1943,5,4332,7131,14000,1,21131,100000
1944:0002,Earthquake (seismic activity),1944,4,14984,35000,120000,1,155000,1
1945:0003,Earthquake (seismic activity),1945,4,5961,1,1,1,1,1
1946:0001,Earthquake (seismic activity),1946,8,5153,1,1,1,1,25000
1947:0001,Earthquake (seismic activity),1947,2,633,1,1,1,1,1
1948:0001,Earthquake (seismic activity),1948,5,115618,6000,1,1,6000,1025000
1949:0005,Earthquake (seismic activity),1949,6,6486,528,105000,1,105528,144200
1950:0005,Earthquake (seismic activity),1950,4,1833,200,1,40000,40200,1
1951:0012,Earthquake (seismic activity),1951,3,1554,150,1,1,150,23000
1952:0004,Earthquake (seismic activity),1952,8,2432,450,1,1,450,100900
1953:0001,Earthquake (seismic activity),1953,7,2717,155,50000,1,50155,607310
1954:0002,Earthquake (seismic activity),1954,5,3344,601,1,129250,129851,6000
1955:0002,Earthquake (seismic activity),1955,4,959,2141,1,1,2141,1
1956:0002,Earthquake (seismic activity),1956,5,710,2489,1,1,2489,25000
1957:0004,Earthquake (seismic activity),1957,8,6993,5248,10000,1,15248,25000
1958:0001,Earthquake (seismic activity),1958,4,227,1019,1,1,1019,10100
1959:0010,Earthquake (seismic activity),1959,3,103,1,1,1,1,26000
1960:0002,Earthquake (seismic activity),1960,9,19395,28000,2000000,1250,2029250,810000
1961:0016,Earthquake (seismic activity),1961,2,60,1,1,1,1,1
1962:0001,Earthquake (seismic activity),1962,3,12209,3267,100000,1,103267,30000
1963:0001,Earthquake (seismic activity),1963,3,1700,3843,1,1,3843,840000
1964:0014,Earthquake (seismic activity),1964,7,335,2961,90500,23000,116461,1828000
1965:0002,Earthquake (seismic activity),1965,7,683,2091,177582,60000,239673,198000
1966:0026,Earthquake (seismic activity),1966,11,2752,4389,322600,49256,376245,356100
1967:0020,Earthquake (seismic activity),1967,10,1013,4849,441640,100690,547179,79000
1968:0018,Earthquake (seismic activity),1968,14,10858,5953,162974,4000,172927,468569
1969:0046,Earthquake (seismic activity),1969,8,3353,2244,252000,85420,339664,55320
1970:0004,Earthquake (seismic activity),1970,11,78599,146685,3241581,27992,3416258,601750
1971:0014,Earthquake (seismic activity),1971,5,1107,2751,2412642,27465,2442858,818000
1972:0024,Earthquake (seismic activity),1972,5,15170,21332,1922576,375000,2318908,866000
1973:0014,Earthquake (seismic activity),1973,4,552,162,3563,84,3809,650
1974:0025,Earthquake (seismic activity),1974,4,24808,17487,71260,5200,93947,13255
1975:0014,Earthquake (seismic activity),1975,4,12632,3372,50000,1,53372,17000
1976:0020,Earthquake (seismic activity),1976,20,276994,268901,4748472,1374000,6391373,10643000
1977:0048,Earthquake (seismic activity),1977,14,3098,12981,690026,215500,918507,2082500
1978:0027,Earthquake (seismic activity),1978,9,25162,926,646873,2700,650499,1315000
1979:0018,Earthquake (seismic activity),1979,25,2100,6526,409000,33100,448626,535225
1980:0001,Earthquake (seismic activity),1980,24,7730,23142,1134398,478000,1635540,25450000
1981:0025,Earthquake (seismic activity),1981,17,4206,7455,150813,1,158268,1910000
1982:0031,Earthquake (seismic activity),1982,18,2120,5044,494950,9500,509494,2045950
1983:0058,Earthquake (seismic activity),1983,25,2148,7686,921125,71455,1000266,969377
1984:0015,Earthquake (seismic activity),1984,13,57,811,757550,34300,792661,49000
1985:0024,Earthquake (seismic activity),1985,22,9853,33825,3055793,619865,3709483,5608000
1986:0051,Earthquake (seismic activity),1986,21,1181,21260,820200,266940,1108400,3009220
1987:0058,Earthquake (seismic activity),1987,19,5160,607,264239,163000,427846,1936625
1988:0021,Earthquake (seismic activity),1988,18,27049,20482,22469690,799250,23289422,14401500
1989:0027,Earthquake (seismic activity),1989,19,650,5269,147790,200565,353624,6870800
1990:0009,Earthquake (seismic activity),1990,43,42853,113416,2298174,185006,2596596,9197450
1991:0001,Earthquake (seismic activity),1991,29,2454,6260,721445,250110,977815,1921500
1992:0012,Earthquake (seismic activity),1992,25,4033,17339,493137,257808,768284,2664150
1993:0035,Earthquake (seismic activity),1993,20,10088,31609,145683,47980,225272,1770500
1994:0002,Earthquake (seismic activity),1994,25,1242,12988,717725,61232,791945,30422676
1995:0015,Earthquake (seismic activity),1995,26,7739,38722,1526697,375136,1940555,101285800
1996:0002,Earthquake (seismic activity),1996,13,576,18686,3581480,1890015,5490181,572400
1997:0011,Earthquake (seismic activity),1997,23,3159,10453,938005,348545,1297003,4958343
1998:0026,Earthquake (seismic activity),1998,30,9573,20219,3414234,243410,3677863,1220100
1999:0016,Earthquake (seismic activity),1999,33,21869,71604,5366491,1418748,6856843,41712293
2000:0023,Earthquake (seismic activity),2000,31,216,6852,2094478,377229,2478559,762903
2001:0005,Earthquake (seismic activity),2001,25,21348,179663,7288605,2243015,9711283,7363050
2002:0002,Earthquake (seismic activity),2002,36,1636,4756,786413,58534,849703,2067714
2003:0039,Earthquake (seismic activity),2003,40,29617,43327,3505826,645314,4194467,8252851
2004:0001,Earthquake (seismic activity),2004,42,227290,48720,1921278,1177207,3147205,38605000
2005:0016,Earthquake (seismic activity),2005,25,76241,146904,888860,5151700,6187464,6705100
2006:0061,Earthquake (seismic activity),2006,24,6692,140437,2873412,844990,3858839,3431453
2007:0087,Earthquake (seismic activity),2007,21,780,6103,1289448,86833,1382384,14972000
2008:0001,Earthquake (seismic activity),2008,23,87918,370939,46792393,416990,47580322,85796000
2009:0001,Earthquake (seismic activity),2009,22,1888,6352,3085776,128960,3221088,6058690
2010:0002,Earthquake (seismic activity),2010,25,226735,324024,5700795,912204,6937023,47300660
2011:0030,Earthquake (seismic activity),2011,30,20946,13203,1531665,202752,1747620,230299850
2012:0020,Earthquake (seismic activity),2012,30,711,41777,2832479,29002,2903258,18616314
2013:0029,Earthquake (seismic activity),2013,14,420,14178,2607485,20540,2642203,6857100
1900:0007,Epidemic,1900,1,30,1,1,1,1,1
1901:0001,Epidemic,1901,1,200000,1,1,1,1,1
1907:0001,Epidemic,1907,1,1300000,1,1,1,1,1
1909:0001,Epidemic,1909,2,1500040,1,1,1,1,1
1910:0001,Epidemic,1910,1,60000,1,1,1,1,1
1917:0002,Epidemic,1917,1,2500000,1,1,1,1,1
1918:0001,Epidemic,1918,3,449700,1,2000000,1,2000000,1
1919:0007,Epidemic,1919,1,1,1,1,1,1,1
1920:0001,Epidemic,1920,3,2500000,1,1,1,1,1
1921:0005,Epidemic,1921,1,1,1,1,1,1,1
1922:0010,Epidemic,1922,1,1,1,1,1,1,1
1923:0001,Epidemic,1923,3,100000,1,18000000,1,18000000,1
1924:0001,Epidemic,1924,1,300000,1,1,1,1,1
1926:0001,Epidemic,1926,1,423000,1,1,1,1,1
1932:0008,Epidemic,1932,1,16,1,1,1,1,1
1935:0001,Epidemic,1935,1,2000,1,1,1,1,1
1940:0031,Epidemic,1940,1,1500,1,15000,1,15000,1
1945:0009,Epidemic,1945,1,1,1,104,1,104,1
1947:0007,Epidemic,1947,1,10276,1,1,1,1,1
1950:0033,Epidemic,1950,1,1,1,72162,1,72162,1
1953:0030,Epidemic,1953,1,481,1,8000,1,8000,1
1963:0004,Epidemic,1963,3,1000,1,7724,1,7724,1
1964:0004,Epidemic,1964,3,617,1,14548,1,14548,1
1965:0008,Epidemic,1965,6,816,1,105120,1,105120,1
1966:0033,Epidemic,1966,2,200,1,2942,1,2942,1
1967:0004,Epidemic,1967,5,3137,1,214572,1,214572,1
1968:0003,Epidemic,1968,4,177,1,3149,1,3149,1
1969:0003,Epidemic,1969,14,3520,1,130220,1,130220,7
1970:0003,Epidemic,1970,4,939,1,8177,1,8177,1
1971:0028,Epidemic,1971,2,2313,1,7476,1,7476,1
1972:0025,Epidemic,1972,1,35,1,174,1,174,1
1974:0018,Epidemic,1974,2,1500,1,30500,1,30500,1
1975:0068,Epidemic,1975,1,1,1,107,1,107,1
1976:0027,Epidemic,1976,3,396,1,568,1,568,1
1977:0001,Epidemic,1977,22,1184,1,173923,1,173923,1
1978:0012,Epidemic,1978,21,3060,1,2016207,1,2016207,1
1979:0002,Epidemic,1979,3,486,1,1692,1,1692,1
1980:0002,Epidemic,1980,8,1685,1,27195,1,27195,1
1981:0001,Epidemic,1981,5,2497,1,64881,1,64881,1
1982:0028,Epidemic,1982,7,2912,1,175300,1,175300,1
1983:0017,Epidemic,1983,7,1219,1,7808,1,7808,1
1984:0002,Epidemic,1984,12,7016,1,38018,1,38018,1
1985:0007,Epidemic,1985,13,5854,1,22828,1,22828,1
1986:0005,Epidemic,1986,11,3046,1,607855,1,607855,1
1987:0010,Epidemic,1987,25,2592,1,612559,1,612559,1
1988:0004,Epidemic,1988,20,15216,1,106652,1,106652,1
1989:0003,Epidemic,1989,15,1858,1,23346,1,23346,1
1990:0086,Epidemic,1990,18,2207,1,39065,1,39065,1
1991:0035,Epidemic,1991,43,30682,79775,2109332,1,2189107,1
1992:0041,Epidemic,1992,27,4444,1,690687,1,690687,1
1993:0046,Epidemic,1993,4,651,1,462088,1,462088,1
1994:0018,Epidemic,1994,10,2505,1,6576697,1,6576697,1
1995:0053,Epidemic,1995,25,4428,1,453392,1,453392,1
1996:0029,Epidemic,1996,45,16887,1,697103,1,697103,1
1997:0129,Epidemic,1997,62,10674,1,381794,1,381794,1
1998:0045,Epidemic,1998,74,12932,1,921051,1,921051,1
1999:0465,Epidemic,1999,76,6292,1,1123621,1,1123621,1
2000:0052,Epidemic,2000,113,6980,100,1081748,1,1081848,1
2001:0024,Epidemic,2001,69,8515,1,238632,1,238632,1
2002:0030,Epidemic,2002,112,9187,1,1210368,1,1210368,1
2003:0040,Epidemic,2003,32,3097,1,134201,1,134201,1
2004:0048,Epidemic,2004,43,3378,100,164114,1,164214,1
2005:0050,Epidemic,2005,55,3774,111,441059,1,441170,1
2006:0022,Epidemic,2006,54,6381,1,285282,1,285282,1
2007:0056,Epidemic,2007,35,5482,1,474368,1,474368,1
2008:0049,Epidemic,2008,42,6904,103,423144,1,423247,1
2009:0082,Epidemic,2009,43,4875,1456,490432,1,491888,1
2010:0131,Epidemic,2010,44,10487,401531,1406179,1,1807710,1
2011:0089,Epidemic,2011,24,3174,420,200365,1,200785,1
2012:0032,Epidemic,2012,25,1887,149,156302,1,156451,1
2013:0010,Epidemic,2013,4,27,529,627,1,1156,1
1936:0005,Extreme temperature,1936,2,1693,1,1,1,1,1
1951:0003,Extreme temperature,1951,2,69,1,1,1,1,100000
1953:0042,Extreme temperature,1953,3,669,1,1,1,1,1
1955:0046,Extreme temperature,1955,1,107,1,1,1,1,1
1958:0002,Extreme temperature,1958,2,651,1,1,1,1,520000
1961:0055,Extreme temperature,1961,1,400,1,1,1,1,1
1962:0027,Extreme temperature,1962,1,50,1,1,1,1,1
1963:0055,Extreme temperature,1963,2,162,1,1,1,1,1
1965:0096,Extreme temperature,1965,1,100,1,1,1,1,1
1966:0055,Extreme temperature,1966,2,262,1,1,1,1,1
1968:0123,Extreme temperature,1968,2,153,1,1,1,1,1
1971:0010,Extreme temperature,1971,1,400,1,1,1,1,100000
1972:0014,Extreme temperature,1972,2,110,1,1,1,1,1
1973:0009,Extreme temperature,1973,3,283,1,1,1,1,1
1975:0033,Extreme temperature,1975,3,140,600,1,1,600,600000
1977:0031,Extreme temperature,1977,1,1,1,1,1,1,2800000
1978:0063,Extreme temperature,1978,1,150,1,1,1,1,1
1979:0014,Extreme temperature,1979,4,470,1,1,1,1,80000
1980:0012,Extreme temperature,1980,3,1389,1,1,1,1,2000000
1981:0003,Extreme temperature,1981,2,300,1,1,1,1,1
1982:0129,Extreme temperature,1982,3,400,1,200,1,200,1
1983:0011,Extreme temperature,1983,2,205,1,2700,1,2700,1
1984:0115,Extreme temperature,1984,1,290,1,1,1,1,1
1985:0069,Extreme temperature,1985,8,456,1,5745,1340,7085,144000
1986:0015,Extreme temperature,1986,2,50,1,30000,1,30000,1750000
1987:0104,Extreme temperature,1987,6,1220,17,1,1,17,1
1988:0029,Extreme temperature,1988,6,644,200,1,1,200,600
1989:0222,Extreme temperature,1989,5,381,1,1,1,1,1
1990:0085,Extreme temperature,1990,13,979,1,1000000,1,1000000,89250
1991:0009,Extreme temperature,1991,8,835,1,450,1,450,772000
1992:0028,Extreme temperature,1992,7,388,1,1,16000,16000,3028000
1993:0129,Extreme temperature,1993,4,106,560,3000200,1,3000760,1
1994:0027,Extreme temperature,1994,9,341,184,1108000,1,1108184,475000
1995:0001,Extreme temperature,1995,13,1730,278,535000,1,535278,834300
1996:0013,Extreme temperature,1996,5,300,200,1,1,200,1
1997:0003,Extreme temperature,1997,13,604,1,712180,1,712180,33000
1998:0002,Extreme temperature,1998,12,3269,386,36000,1,36386,4275000
1999:0004,Extreme temperature,1999,8,771,246,725000,1,725246,1000000
2000:0003,Extreme temperature,2000,31,941,1709,25977,1,27686,370159
2001:0011,Extreme temperature,2001,23,1787,2311,210850,1,213161,200110
2002:0284,Extreme temperature,2002,15,3369,3786,100200,1,103986,1
2003:0022,Extreme temperature,2003,25,74698,200,1839888,1,1840088,12520000
2004:0010,Extreme temperature,2004,16,255,1800413,339467,1,2139880,1
2005:0323,Extreme temperature,2005,39,2165,12700,51000,1,63700,1400000
2006:0237,Extreme temperature,2006,14,3749,300,1,1,300,1
2007:0033,Extreme temperature,2007,25,1086,3164,984924,1,988088,1
2008:0006,Extreme temperature,2008,15,1693,702,79170502,1,79171204,21940000
2009:0029,Extreme temperature,2009,19,1418,27041,829106,1,856147,1162000
2010:0050,Extreme temperature,2010,28,57088,11,72750,1,72761,400000
2011:0002,Extreme temperature,2011,16,435,22472,4114033,233000,4369505,781123
2012:0012,Extreme temperature,2012,52,1807,5657,605568,1,611225,152801
2013:0009,Extreme temperature,2013,4,560,1325,12500,1,13825,1
1900:0006,Flood,1900,1,300,1,1,1,1,1
1903:0002,Flood,1903,2,250,1,1,1,1,480000
1906:0023,Flood,1906,2,6,1,1,1,1,1
1909:0017,Flood,1909,1,72,1,1,1,1,1
1910:0019,Flood,1910,1,1379,1,1,1,1,1
1911:0002,Flood,1911,1,100000,1,1,1,1,1
1915:0011,Flood,1915,1,1,1,3000000,1,3000000,1
1917:0013,Flood,1917,1,1,1,635000,1,635000,1
1920:0005,Flood,1920,1,1,1,1,1,1,20000
1925:0007,Flood,1925,1,1,1,1,1,1,19000
1926:0002,Flood,1926,4,1000,1,1,1,1,31000
1927:0005,Flood,1927,2,3246,1,1,1,1,230
1928:0018,Flood,1928,2,36,1,6000,2000,8000,1
1930:0021,Flood,1930,1,1,1,1,1,1,1
1931:0007,Flood,1931,1,3700000,1,1,1,1,1400000
1933:0002,Flood,1933,2,18053,1,1,3600000,3600000,1
1935:0019,Flood,1935,1,142000,1,10030000,1,10030000,1
1936:0002,Flood,1936,1,200,1,1,1,1,1
1937:0001,Flood,1937,2,248,1,1,1,1,438000
1938:0017,Flood,1938,2,954,1,1,1,1,1
1939:0006,Flood,1939,2,500010,1,1,1,1,1
1940:0012,Flood,1940,1,125,1,1,2000,2000,1
1943:0006,Flood,1943,2,990,1,1,1,1,900000
1947:0002,Flood,1947,1,2000,1,1,1,1,1
1948:0017,Flood,1948,5,917,1,1,1,1,1
1949:0012,Flood,1949,2,97000,1,1,1,1,15000
1950:0001,Flood,1950,10,3808,1,10132000,1,10132000,100000
1951:0013,Flood,1951,7,5666,1,318534,173500,492034,1329000
1952:0005,Flood,1952,4,199,1,1,1,1,1
1953:0007,Flood,1953,12,7125,1,2187110,4000,2191110,300000
1954:0007,Flood,1954,9,34436,1,1,1,1,50000
1955:0037,Flood,1955,3,584,1,1,1,1,1
1956:0001,Flood,1956,9,3613,1,1,77000,77000,1
1957:0007,Flood,1957,11,2471,1,268240,1,268240,1
1958:0015,Flood,1958,3,400,1,5000,1,5000,1
1959:0001,Flood,1959,13,2003396,1,13000,1,13000,1
1960:0001,Flood,1960,7,10577,1,167000,1,167000,1
1961:0006,Flood,1961,8,3863,1,1302384,2000,1304384,1
1962:0008,Flood,1962,8,1180,1,1,1,1,80000
1963:0034,Flood,1963,8,1031,10,80400,1,80410,1
1964:0005,Flood,1964,22,1123,1,2223037,53900,2276937,893200
1965:0007,Flood,1965,19,1401,15245,4410813,88214,4514272,522100
1966:0017,Flood,1966,23,1923,2384,3297524,1616563,4916471,2206582
1967:0002,Flood,1967,26,2446,1841,2252561,210800,2465202,324926
1968:0024,Flood,1968,20,7306,100200,23834192,894584,24828976,417181
1969:0002,Flood,1969,14,1544,3890,1799713,17384,1820987,551420
1970:0001,Flood,1970,31,3246,1603,27729482,462018,28193103,1307770
1971:0007,Flood,1971,15,2404,2000,1157000,15000,1174000,556300
1972:0002,Flood,1972,15,2548,965,3604061,710502,4315528,434493
1973:0016,Flood,1973,20,1835,811,5118240,94250,5213301,1766493
1974:0010,Flood,1974,19,29431,1,41100823,2093000,43193823,906972
1975:0008,Flood,1975,17,848,93,32049205,7080150,39129448,1136243
1976:0031,Flood,1976,17,960,20,9765207,220000,9985227,607553
1977:0014,Flood,1977,48,2568,7000,3196546,400260,3603806,737599
1978:0004,Flood,1978,47,5897,1488,42346770,138200,42486458,1111123
1979:0001,Flood,1979,34,1038,670,30435010,146732,30582412,188283
1980:0004,Flood,1980,39,10466,27186,45016276,156000,45199462,1145100
1981:0006,Flood,1981,43,5283,33612,20514750,213185,20761547,2822915
1982:0003,Flood,1982,48,4648,25292,36917037,372410,37314739,3941660
1983:0001,Flood,1983,49,2082,442,20311591,644600,20956633,7433216
1984:0007,Flood,1984,47,2930,233,51127829,450570,51578632,2749500
1985:0002,Flood,1985,58,4376,87,17013965,684447,17698499,3756728
1986:0002,Flood,1986,50,1782,694,11131525,1443200,12575419,3801950
1987:0023,Flood,1987,68,6766,1488,49771500,282500,50055488,6066705
1988:0001,Flood,1988,76,8504,5235,105424711,2505125,107935071,7753849
1989:0006,Flood,1989,46,4716,11312,103446717,867158,104325187,3896100
1990:0001,Flood,1990,60,2251,8313,46296043,349875,46654231,4440448
1991:0030,Flood,1991,77,5852,32427,222233148,5533814,227799389,12517638
1992:0006,Flood,1992,59,5315,252120,15350164,3995510,19597794,7862663
1993:0003,Flood,1993,84,6150,1570,148875018,374335,149250923,32867943
1994:0005,Flood,1994,88,6771,22785,122546263,7214123,129783171,20502806
1995:0005,Flood,1995,94,7956,71074,190647666,2722507,193441247,27555794
1996:0003,Flood,1996,92,8047,252827,177417900,5006286,182677013,28497000
1997:0002,Flood,1997,95,7685,29090,43543761,1079851,44652702,17883933
1998:0008,Flood,1998,94,10653,123961,275535620,18003104,293662685,43929151
1999:0002,Flood,1999,122,34807,29767,145207074,3849227,149086068,15612227
2000:0002,Flood,2000,158,6025,1509,73110359,793068,73904936,25803502
2001:0016,Flood,2001,157,5014,4768,34219047,327831,34551646,4752612
2002:0005,Flood,2002,172,4236,38895,167634876,96952,167770723,26825511
2003:0001,Flood,2003,159,3886,153152,167547976,1760451,169461579,20865648
2004:0012,Flood,2004,129,6984,15877,116518021,457117,116991015,10383038
2005:0015,Flood,2005,193,5754,1921,74324539,700349,75026809,17939670
2006:0015,Flood,2006,226,5843,2199,25668207,4638942,30309348,7805942
2007:0003,Flood,2007,218,8607,6650,176859051,970247,177835948,24586067
2008:0010,Flood,2008,166,4009,973,42450074,2547797,44998844,19475144
2009:0013,Flood,2009,151,3654,2003,57544310,112670,57658983,8148878
2010:0009,Flood,2010,183,8446,10383,187802803,670720,188483906,48026147
2011:0003,Flood,2011,155,6154,2024,135234092,1209286,136445402,70757047
2012:0009,Flood,2012,137,3541,8918,63957227,214038,64180183,25609173
2013:0003,Flood,2013,43,1006,217,3691202,57035,3748454,10067900
1913:0002,Insect infestation,1913,1,1,1,1,1,1,1
1930:0002,Insect infestation,1930,1,1,1,1,1,1,1
1944:0027,Insect infestation,1944,1,1,1,1,1,1,1
1974:0032,Insect infestation,1974,1,1,1,1,1,1,1
1975:0081,Insect infestation,1975,1,1,1,1,1,1,925
1978:0148,Insect infestation,1978,2,1,1,1,1,1,1
1979:0246,Insect infestation,1979,1,1,1,1,1,1,1
1985:0008,Insect infestation,1985,2,1,1,1,1,1,1
1986:0007,Insect infestation,1986,13,1,1,1,1,1,1
1987:0004,Insect infestation,1987,15,1,1,1,1,1,1
1988:0015,Insect infestation,1988,17,1,1,1,1,1,1
1989:0005,Insect infestation,1989,1,1,1,1,1,1,1
1991:0389,Insect infestation,1991,1,1,1,2000,1,2000,1
1992:0548,Insect infestation,1992,1,1,1,1,1,1,1
1993:0494,Insect infestation,1993,3,1,1,1,1,1,1
1995:0090,Insect infestation,1995,4,1,1,200,1,200,104000
1997:0202,Insect infestation,1997,1,1,1,1,1,1,3500
1998:0238,Insect infestation,1998,1,1,1,1,1,1,1700
2000:0249,Insect infestation,2000,2,1,1,1,1,1,120000
2001:0352,Insect infestation,2001,2,1,1,1,1,1,1
2004:0392,Insect infestation,2004,12,1,1,1,1,1,1
2006:0722,Insect Infestation,2006,1,1,1,1,1,1,1
2009:0057,Insect Infestation,2009,1,1,1,500000,1,500000,1
1903:0006,Mass movement dry,1903,1,76,23,1,1,23,1
1905:0005,Mass movement dry,1905,1,18,18,1,1,18,1
1908:0011,Mass movement dry,1908,1,33,1,1,1,1,1
1910:0016,Mass movement dry,1910,1,62,1,1,1,1,1
1915:0010,Mass movement dry,1915,1,56,22,1,1,22,1
1937:0010,Mass movement dry,1937,1,40,1,1,1,1,1
1955:0031,Mass movement dry,1955,1,3,6,1,2000,2006,1
1962:0002,Mass movement dry,1962,1,2000,1,1,1,1,200000
1963:0018,Mass movement dry,1963,1,150,1,1,1,1,1
1965:0088,Mass movement dry,1965,1,26,22,1,1,22,1
1970:0016,Mass movement dry,1970,1,42,37,1,1,37,1
1971:0031,Mass movement dry,1971,1,31,1,1,1500,1500,1
1980:0314,Mass movement dry,1980,1,50,1,1,1,1,1
1982:0136,Mass movement dry,1982,2,59,1,200,1,200,1
1983:0051,Mass movement dry,1983,4,466,15,1,1,15,1
1985:0071,Mass movement dry,1985,2,300,1,1,1,1,1
1987:0074,Mass movement dry,1987,2,183,56,1151,1,1207,1000
1988:0094,Mass movement dry,1988,3,157,1,1000,1,1000,1
1989:0035,Mass movement dry,1989,3,55,1,8000,1,8000,1
1990:0036,Mass movement dry,1990,3,116,115,5000,1,5115,1
1991:0046,Mass movement dry,1991,3,86,1,1,1,1,1
1992:0010,Mass movement dry,1992,5,323,69,2750,400,3219,2600
1993:0227,Mass movement dry,1993,5,341,36,2550,125,2711,1
2000:0763,Mass movement dry,2000,1,11,1,1,1,1,1
2002:0437,Mass movement dry,2002,1,60,1,1,1,1,1
2004:0619,Mass movement dry,2004,1,44,13,1,340,353,1
2006:0304,Mass movement dry,2006,1,11,5,1,1,5,1
2008:0394,Mass Movement Dry,2008,3,120,72,1,625,697,1
2009:0003,Mass Movement Dry,2009,1,36,1,2037,991,3028,1
2012:0049,Mass Movement Dry,2012,1,16,1,1,1,1,1
2013:0018,Mass Movement Dry,2013,1,46,2,1,1,2,48000
1909:0016,Mass movement wet,1909,1,53,1,1,1,1,1
1922:0002,Mass movement wet,1922,1,100,1,1,1,1,1
1923:0007,Mass movement wet,1923,1,200,1,1,1,1,1
1926:0013,Mass movement wet,1926,1,100,1,1,1,1,1
1931:0005,Mass movement wet,1931,1,190,1,1,1,1,1
1934:0005,Mass movement wet,1934,1,500,1,1,1,1,1
1936:0001,Mass movement wet,1936,1,73,1,1,1,1,1
1938:0001,Mass movement wet,1938,1,200,1,1,1,1,1
1941:0004,Mass movement wet,1941,1,5000,1,1,1,1,1
1948:0008,Mass movement wet,1948,2,525,1,1,1,1,1
1949:0001,Mass movement wet,1949,1,12000,1,1,1,1,1
1950:0032,Mass movement wet,1950,1,130,1,1,1,1,1
1951:0029,Mass movement wet,1951,1,92,1,1,1,1,20000
1952:0034,Mass movement wet,1952,1,28,1,1,1,1,1
1954:0003,Mass movement wet,1954,8,1086,1,380,5466,5846,1
1955:0039,Mass movement wet,1955,2,478,1,1,1,1,1
1956:0029,Mass movement wet,1956,5,236,1,1,1,1,1
1958:0033,Mass movement wet,1958,1,52,1,1,1,1,1
1959:0017,Mass movement wet,1959,1,48,1,1,1,1,1
1960:0047,Mass movement wet,1960,2,52,1,1,1,1,1
1961:0002,Mass movement wet,1961,1,145,1,1,1,1,1
1962:0025,Mass movement wet,1962,2,71,1,1,1,1,1
1963:0015,Mass movement wet,1963,2,2033,1,1,1,1,1
1964:0042,Mass movement wet,1964,1,108,1,1,1,1,1
1965:0048,Mass movement wet,1965,5,204,1,1,1,1,1
1966:0010,Mass movement wet,1966,4,604,1,4000000,1,4000000,27
1967:0028,Mass movement wet,1967,2,590,1,500,168,668,1
1968:0027,Mass movement wet,1968,4,1196,7,722,168,897,1
1969:0105,Mass movement wet,1969,1,18,1,1,1,1,1
1970:0014,Mass movement wet,1970,5,186,1,161,1,161,1
1971:0019,Mass movement wet,1971,5,1020,1,6,1,6,1
1972:0011,Mass movement wet,1972,5,755,1,1000,1,1000,1
1973:0025,Mass movement wet,1973,5,3541,1,1,1,1,1
1974:0009,Mass movement wet,1974,10,904,1000,12000,1500,14500,21700
1975:0024,Mass movement wet,1975,5,195,1,75000,1,75000,1
1976:0025,Mass movement wet,1976,6,315,16,1,1,16,100000
1977:0069,Mass movement wet,1977,3,40,50,1,100,150,11000
1978:0130,Mass movement wet,1978,2,86,7,1,1,7,1
1979:0030,Mass movement wet,1979,7,338,18,5900,1,5918,2466
1980:0055,Mass movement wet,1980,3,290,10,1,3000,3010,1
1981:0043,Mass movement wet,1981,8,421,1,24000,1,24000,1
1982:0023,Mass movement wet,1982,11,640,115,47000,5016,52131,700000
1983:0005,Mass movement wet,1983,15,1159,233,725000,1,725233,988800
1984:0006,Mass movement wet,1984,6,228,54,16000,1,16054,43000
1985:0026,Mass movement wet,1985,6,377,26,1,4000,4026,1
1986:0041,Mass movement wet,1986,9,501,28,306,2500366,2500700,1
1987:0050,Mass movement wet,1987,13,1204,3000,31119,2040,36159,625800
1988:0080,Mass movement wet,1988,15,952,1155,58305,5685,65145,1
1989:0026,Mass movement wet,1989,15,445,381,93810,5765,99956,423341
1990:0004,Mass movement wet,1990,4,98,1,1,1,1,1
1991:0010,Mass movement wet,1991,9,728,140,65117,23271,88528,6400
1992:0042,Mass movement wet,1992,7,712,160,37000,38700,75860,429500
1993:0013,Mass movement wet,1993,21,1408,241,93143,62307,155691,968490
1994:0021,Mass movement wet,1994,11,307,66,270987,37996,309049,62300
1995:0006,Mass movement wet,1995,16,1521,422,15578,1118395,1134395,36289
1996:0028,Mass movement wet,1996,24,1155,401,8175,360,8936,20000
1997:0027,Mass movement wet,1997,13,801,80,31527,2344,33951,16300
1998:0001,Mass movement wet,1998,22,1141,281,206693,5839,212813,918700
1999:0007,Mass movement wet,1999,18,445,31,10400,4860,15291,749100
2000:0072,Mass movement wet,2000,28,1012,227,66635,148290,215152,462000
2001:0041,Mass movement wet,2001,24,786,117,34975,35945,71037,70600
2002:0064,Mass movement wet,2002,20,1100,169,267084,37482,304735,192500
2003:0053,Mass movement wet,2003,21,706,448,457687,513,458648,51961
2004:0061,Mass movement wet,2004,15,313,76,12151,150,12377,3500
2005:0025,Mass movement wet,2005,12,646,109,9060,390,9559,55000
2006:0007,Mass movement wet,2006,20,1638,76,333780,98300,432156,40146
2007:0007,Mass movement wet,2007,10,271,10,8992,1,9002,1
2008:0062,Mass Movement Wet,2008,12,504,149,5000,1,5149,1
2009:0033,Mass Movement Wet,2009,29,657,88,23093,20743,43924,154000
2010:0012,Mass Movement Wet,2010,32,3402,687,2400023,59195,2459905,1277078
2011:0107,Mass Movement Wet,2011,18,314,32,5195,2000,7227,1
2012:0002,Mass Movement Wet,2012,13,504,226,122,3368,3716,1
2013:0022,Mass Movement Wet,2013,6,164,1,1,1,1,1
1900:0003,Storm,1900,1,6000,1,1,1,1,30000
1902:0005,Storm,1902,1,600,1,1,1,1,1
1903:0008,Storm,1903,2,163,1,1,1,1,1
1904:0003,Storm,1904,1,1,1,1,1,1,1
1905:0004,Storm,1905,1,240,1,1,1,1,1
1906:0004,Storm,1906,3,10298,1,1,1,1,20000
1909:0003,Storm,1909,5,713,1,1,1,1,1
1910:0003,Storm,1910,1,30,1,1,1,1,1
1911:0004,Storm,1911,2,1000,1,1,1,1,20000
1912:0005,Storm,1912,5,51170,200,1,97320,97520,35000
1913:0005,Storm,1913,1,732,1,1,1,1,200000
1914:0001,Storm,1914,1,1,1,1,1,1,1
1915:0005,Storm,1915,2,2125,1,1,1,1,60000
1916:0004,Storm,1916,1,300,1,1,1,1,1
1917:0005,Storm,1917,2,4057,1,1,1,1,50000
1918:0003,Storm,1918,1,34,1,1,1,1,1
1919:0002,Storm,1919,2,500,1,1,1,1,25000
1920:0016,Storm,1920,1,224,1,1,1,1,1
1922:0003,Storm,1922,2,100000,1,1,1,1,1
1923:0003,Storm,1923,6,3139,1,1,26300,26300,10000
1924:0002,Storm,1924,2,2242,1,1000000,1,1000000,1
1925:0001,Storm,1925,3,819,1,1,1,1,18000
1926:0003,Storm,1926,7,3568,1,1,40000,40000,73000
1927:0008,Storm,1927,4,5772,10,40000,1,40010,22000
1928:0009,Storm,1928,7,4224,1,1,1,1,75000
1929:0002,Storm,1929,2,1,1,1,1,1,55000
1930:0007,Storm,1930,4,4082,6000,6000,1,12000,40000
1931:0006,Storm,1931,4,3200,1,1,1,1,7500
1932:0002,Storm,1932,5,3244,1,1,2500,2500,30000
1933:0004,Storm,1933,3,63,1,1,1,1,3000
1934:0007,Storm,1934,4,5091,1,1,1,1,50000
1935:0007,Storm,1935,7,62707,500,1,1,500,8000
1936:0003,Storm,1936,5,3309,1,1,150000,150000,21000
1937:0006,Storm,1937,3,11231,1,1,1,1,1
1938:0004,Storm,1938,2,905,1,1,1,1,306000
1939:0002,Storm,1939,2,3,1,1,1,1,1
1940:0005,Storm,1940,3,123,1,1,1,1,1
1941:0002,Storm,1941,2,5006,1,1,1,1,1
1942:0005,Storm,1942,3,101000,1,1,1,1,1
1943:0009,Storm,1943,3,5000,1,30000,1,30000,1
1944:0006,Storm,1944,5,726,1,1,12000,12000,100000
1945:0002,Storm,1945,7,4415,1,1881672,2000,1883672,400000
1946:0005,Storm,1946,5,337,1,1,1,1,500
1947:0008,Storm,1947,7,4738,1,1,1,1,100000
1948:0003,Storm,1948,10,2971,300,414153,1,414453,18000
1949:0007,Storm,1949,8,2804,1,194046,1,194046,1
1950:0009,Storm,1950,7,873,1,642117,1,642117,101000
1951:0005,Storm,1951,11,2861,200,80000,1,80200,56250
1952:0001,Storm,1952,10,6277,1252,1000000,1,1001252,52000
1953:0014,Storm,1953,11,1814,1,1000000,1,1000000,77000
1954:0008,Storm,1954,10,2969,1,297049,1,297049,831000
1955:0003,Storm,1955,19,3895,1,1,375000,375000,877000
1956:0007,Storm,1956,14,3114,1,1000000,1,1000000,1
1957:0006,Storm,1957,9,1139,111,250000,1,250111,150000
1958:0005,Storm,1958,13,2620,1,20000,1,20000,1
1959:0004,Storm,1959,16,9695,1,1501600,1,1501600,672200
1960:0008,Storm,1960,20,9164,377,644000,1000,645377,454041
1961:0003,Storm,1961,14,12852,1,8000,1171,9171,480400
1962:0003,Storm,1962,13,1860,1,40000,1,40000,1219000
1963:0012,Storm,1963,21,29965,1,6000000,2200,6002200,879090
1964:0012,Storm,1964,22,10655,2224,2750955,143000,2896179,399150
1965:0010,Storm,1965,19,59932,601939,10601200,5000200,16203339,1669400
1966:0022,Storm,1966,28,2327,1582,2280764,423500,2705846,306122
1967:0014,Storm,1967,25,2255,1023,590574,3500,595097,451200
1968:0001,Storm,1968,25,1669,1053,358601,79576,439230,61488
1969:0049,Storm,1969,25,3252,16135,666266,26943,709344,1568359
1970:0017,Storm,1970,24,304495,5032,5412245,77080,5494357,1064974
1971:0026,Storm,1971,22,10811,347,5043050,2049300,7092697,208389
1972:0015,Storm,1972,26,1427,750,7666475,37000,7704225,2602920
1973:0001,Storm,1973,22,4344,15372,3589834,55200,3660406,539200
1974:0002,Storm,1974,28,11861,907,991495,6441,998843,3123017
1975:0013,Storm,1975,28,1041,255,874773,4278,879306,1528122
1976:0018,Storm,1976,36,1763,1818,4604443,111384,4717645,2889394
1977:0039,Storm,1977,32,15298,11740,9304842,5474450,14791032,1209809
1978:0032,Storm,1978,42,3676,7508,3025762,112829,3146099,1512698
1979:0016,Storm,1979,31,2623,7353,3615079,432631,4055063,3521869
1980:0029,Storm,1980,43,1397,1105,16835140,2065379,18901624,1889885
1981:0024,Storm,1981,50,3790,12919,3475071,59858,3547848,1726604
1982:0019,Storm,1982,52,2782,1996,7765772,681983,8449751,4500783
1983:0012,Storm,1983,59,3656,3892,2802724,686386,3493002,5444777
1984:0017,Storm,1984,57,5468,4545,7080995,1443020,8528560,5161457
1985:0013,Storm,1985,51,17165,5920,5254098,780356,6040374,5838203
1986:0018,Storm,1986,56,1939,9666,14293647,397633,14700946,5056742
1987:0048,Storm,1987,58,2900,4190,4721296,1157401,5882887,6569945
1988:0037,Storm,1988,60,3380,9464,18816045,2208421,21033930,3423876
1989:0002,Storm,1989,73,4256,18276,49761948,1046171,50826395,10353299
1990:0003,Storm,1990,137,4623,2613,15911268,1355217,17269098,26597935
1991:0004,Storm,1991,66,146297,151142,22117245,1035480,23303867,17536723
1992:0001,Storm,1992,76,1342,21261,18082165,383391,18486817,37598250
1993:0001,Storm,1993,108,2965,11536,14375651,671584,15058771,14383468
1994:0008,Storm,1994,81,4239,11109,35089985,1940047,37041141,5413592
1995:0007,Storm,1995,81,3763,7679,12698104,1619837,14325620,25006834
1996:0008,Storm,1996,77,4581,42671,27635575,100860,27779106,10757643
1997:0013,Storm,1997,79,6150,17532,12760313,1905545,14683390,7534570
1998:0003,Storm,1998,88,24935,21193,19829076,11171165,31021434,30658681
1999:0005,Storm,1999,106,12270,12447,23791700,1297706,25101853,43336598
2000:0009,Storm,2000,102,1354,4321,14686946,445461,15136728,12459580
2001:0008,Storm,2001,108,1914,92008,31391888,506875,31990771,14520012
2002:0003,Storm,2002,123,1385,3997,111111880,46820,111162697,14745852
2003:0003,Storm,2003,85,1028,9835,10589723,493057,11092615,21333890
2004:0004,Storm,2004,128,6653,18803,20423349,940895,21383047,84189365
2005:0003,Storm,2005,130,5250,6907,48698109,412268,49117284,184793461
2006:0008,Storm,2006,76,4329,14248,66474501,620483,67109232,17702835
2007:0019,Storm,2007,105,6035,57003,23811033,106209,23974245,29558736
2008:0004,Storm,2008,111,140985,23460,15354941,273373,15651774,60673103
2009:0007,Storm,2009,87,3287,10454,50326452,245872,50582778,26134655
2010:0036,Storm,2010,91,1498,2592,7968950,777608,8749150,28124083
2011:0015,Storm,2011,84,3103,12306,38234824,297752,38544882,50872148
2012:0005,Storm,2012,90,3102,6771,19564571,606542,20177884,86480646
2013:0008,Storm,2013,19,237,3092,3052285,1,3055377,7960300
1900:0008,Volcano,1900,1,30,1,1,1,1,1
1902:0003,Volcano,1902,5,38690,1,1,1,1,1
1903:0012,Volcano,1903,1,17,1,1,1,1,1
1906:0012,Volcano,1906,1,700,1,1,1,1,1
1909:0005,Volcano,1909,1,5500,1,1,1,1,1
1911:0001,Volcano,1911,1,1335,199,1,1,199,1
1914:0002,Volcano,1914,1,140,1,1,1,1,20000
1919:0001,Volcano,1919,1,5000,1,1,1,1,1
1926:0019,Volcano,1926,1,144,1,1,1,1,1
1929:0005,Volcano,1929,1,5000,1,1,1,1,1
1930:0003,Volcano,1930,1,1369,1,1,1,1,1
1931:0012,Volcano,1931,1,1300,1,1,1,1,1
1937:0004,Volcano,1937,1,506,1,7500,1,7500,1
1943:0008,Volcano,1943,1,1,1,3000,1,3000,1
1944:0044,Volcano,1944,1,26,1,1,14000,14000,1
1945:0001,Volcano,1945,1,1,1,1,1,1,80000
1946:0003,Volcano,1946,1,1,1,2500,1,2500,1
1948:0025,Volcano,1948,1,100,1,1,1,1,1
1949:0002,Volcano,1949,2,2000,1,1,1,1,1
1950:0031,Volcano,1950,1,84,1,1,1,1,1
1951:0002,Volcano,1951,3,4800,1,1,1,1,1
1952:0007,Volcano,1952,1,29,1,29,1,29,1
1953:0023,Volcano,1953,1,150,1,1,1,1,1
1954:0042,Volcano,1954,1,37,1,1,1,1,1
1956:0006,Volcano,1956,2,48,1,1,1,1,1
1957:0011,Volcano,1957,1,1,1,3200,1,3200,1
1960:0011,Volcano,1960,1,1,1,2000,1,2000,1
1963:0008,Volcano,1963,3,1705,200,83000,1,83200,1
1964:0017,Volcano,1964,1,4,1,2000,1,2000,1
1965:0058,Volcano,1965,1,355,785,50000,8000,58785,10000
1966:0041,Volcano,1966,2,1088,2060,45000,1,47060,1
1968:0041,Volcano,1968,2,90,1,57391,9280,66671,10000
1969:0014,Volcano,1969,2,1,1,251700,1,251700,200
1971:0008,Volcano,1971,3,1,1,11000,600,11600,2000
1973:0012,Volcano,1973,1,1,1,5200,1,5200,24700
1975:0032,Volcano,1975,3,2,1,1,1,1,1
1976:0058,Volcano,1976,5,41,3,176510,5000,181513,679
1977:0030,Volcano,1977,5,215,1,31000,65000,96000,22000
1978:0066,Volcano,1978,2,1,1,26000,1,26000,1
1979:0027,Volcano,1979,4,268,1024,37000,10000,48024,1
1980:0047,Volcano,1980,2,90,1,52235,2500,54735,860000
1981:0272,Volcano,1981,1,192,1,1,5000,5000,1
1982:0039,Volcano,1982,3,130,500,355000,15000,370500,277000
1983:0088,Volcano,1983,7,1,1,48935,1100,50035,175190
1984:0042,Volcano,1984,7,37,1,101000,1,101000,1
1985:0083,Volcano,1985,2,21800,5000,8778,1,13778,1000000
1986:0100,Volcano,1986,2,1746,437,23000,1,23437,1
1987:0051,Volcano,1987,2,1,35,16000,1,16035,1
1988:0136,Volcano,1988,5,7,1,12970,2500,15470,1
1989:0152,Volcano,1989,1,1,1,3000,1,3000,1
1990:0012,Volcano,1990,2,33,1,14265,1,14265,8000
1991:0079,Volcano,1991,10,683,215,1184549,8400,1193164,237000
1992:0025,Volcano,1992,5,1,75,346578,1,346653,1
1993:0008,Volcano,1993,6,99,27,116732,57000,173759,488
1994:0025,Volcano,1994,6,101,24,186400,46000,232424,110000
1995:0052,Volcano,1995,5,1,6,18370,7500,25876,722
1996:0174,Volcano,1996,5,4,29,6543,1,6572,16500
1997:0012,Volcano,1997,4,53,1,7000,200,7200,8000
1998:0122,Volcano,1998,4,1,1,7808,1,7808,1
1999:0055,Volcano,1999,5,1,1,30845,2710,33555,1
2000:0008,Volcano,2000,5,1,1,126626,1,126626,2214
2001:0254,Volcano,2001,6,1,1,110491,1,110491,16655
2002:0033,Volcano,2002,7,200,400,167950,110000,278350,9000
2003:0224,Volcano,2003,2,1,1,25000,1,25000,1
2004:0033,Volcano,2004,5,2,105,52428,1,52533,1
2005:0202,Volcano,2005,8,3,1,341000,1,341000,1
2006:0154,Volcano,2006,12,5,13,378598,1,378611,150000
2007:0150,Volcano,2007,6,11,15,50948,1,50963,1
2008:0027,Volcano,2008,7,16,7,39951,1,39958,1
2009:0553,Volcano,2009,2,1,1,47537,1,47537,1
2010:0170,Volcano,2010,6,323,455,170206,1,170661,1
2011:0101,Volcano,2011,6,3,5,39799,6000,45804,1
2012:0356,Volcano,2012,1,1,1,10000,1,10000,1
1911:0018,Wildfire,1911,1,73,1,1,200,200,1
1918:0007,Wildfire,1918,1,1000,1,1,1,1,100000
1922:0011,Wildfire,1922,1,43,1,1,11000,11000,8000
1929:0001,Wildfire,1929,1,60,1,1,1,1,1
1939:0017,Wildfire,1939,1,71,1,1,3900,3900,1
1944:0013,Wildfire,1944,2,170,1,1,2100,2100,1
1947:0010,Wildfire,1947,1,1,1,1,1,1,30000
1949:0027,Wildfire,1949,1,80,1,1,1,1,1
1956:0017,Wildfire,1956,1,11,1,1,1,1,1
1965:0022,Wildfire,1965,1,1,1,1,1,1,1000
1967:0018,Wildfire,1967,2,62,100,3000,1,3100,68500
1968:0080,Wildfire,1968,3,12,1,1000,800,1800,1000
1969:0129,Wildfire,1969,2,1,1,1,1,1,1
1970:0045,Wildfire,1970,3,1,1,1,1,1,100000
1971:0100,Wildfire,1971,2,1,1,1,1,1,1
1972:0097,Wildfire,1972,3,1,1,1,1,1,1
1973:0059,Wildfire,1973,3,1,1,1,5000,5000,1
1974:0114,Wildfire,1974,3,1,1,1,1,1,1
1975:0102,Wildfire,1975,2,1,1,1,1,1,1
1976:0030,Wildfire,1976,1,1,1,1,1,1,1
1977:0225,Wildfire,1977,2,3,1,1,1,1,24760
1978:0053,Wildfire,1978,3,2,200,4000,3000,7200,1
1979:0023,Wildfire,1979,4,1,1,30000,1,30000,15090
1980:0211,Wildfire,1980,4,1,40,5000,1,5040,25975
1981:0045,Wildfire,1981,4,8,1,28588,20000,48588,1
1982:0268,Wildfire,1982,3,2,18,1,9000,9018,1
1983:0044,Wildfire,1983,12,106,20,1000,11000,12020,631650
1984:0004,Wildfire,1984,7,17,1,200,1,200,2000
1985:0004,Wildfire,1985,13,51,230,2600,1,2830,128169
1986:0045,Wildfire,1986,6,20,53,4000,1,4053,1
1987:0002,Wildfire,1987,8,191,223,208222,750,209195,210000
1989:0279,Wildfire,1989,3,1,1,25000,1,25000,4283200
1990:0269,Wildfire,1990,4,1,1,1,1,1,1695000
1991:0047,Wildfire,1991,8,90,8,1,300,308,2593200
1992:0138,Wildfire,1992,8,122,1,1650,50540,52190,421200
1993:0440,Wildfire,1993,2,3,130,1,1,130,1000000
1994:0001,Wildfire,1994,13,84,183,3066200,1030,3067413,152000
1995:0098,Wildfire,1995,7,29,54,8785,3000,11839,134500
1996:0074,Wildfire,1996,5,45,111,5500,600,6211,1721300
1997:0078,Wildfire,1997,16,266,79,53150,1,53229,8309200
1998:0057,Wildfire,1998,18,150,124,165132,1348,166604,2616208
1999:0001,Wildfire,1999,22,70,5,7800,11025,18830,490636
2000:0017,Wildfire,2000,30,47,58,36600,2377,39035,2558913
2001:0303,Wildfire,2001,14,33,10,5729,1,5739,90000
2002:0052,Wildfire,2002,22,6,715,20322,5087,26124,362100
2003:0030,Wildfire,2003,14,47,298,182700,1335,184333,6095000
2004:0123,Wildfire,2004,8,14,105,18200,2214,20519,3000
2005:0014,Wildfire,2005,13,49,157,5000,1750,6907,3847000
2006:0057,Wildfire,2006,9,13,218,1436,408,2062,839000
2007:0294,Wildfire,2007,18,150,182,1778393,6442,1785017,4597454
2008:0253,Wildfire,2008,5,86,68,55000,3600,58668,2430000
2009:0067,Wildfire,2009,9,190,529,10169,876,11574,1515000
2010:0289,Wildfire,2010,7,135,1021,25200,4270,30491,2070000
2011:0097,Wildfire,2011,7,10,5,520,14182,14707,3137000
2012:0098,Wildfire,2012,6,21,422,3684,1290,5396,1000000
2013:0030,Wildfire,2013,3,21,1,84,4177,4261,500000